タイムスタンプ,お写真,ご本人のお名前,お子様のお名前,お子様の学年,お子様を表す四字熟語,ご自身を表す四字熟語,次年度委員候補ですか？,委員会運営に参加可能ですか？,理由をお聞かせください,"委員会への所感
をお答えください"
2025/03/16 18:24:02,https://drive.google.com/open?id=1Bi5yG1bWdx14BvKUeoChUjN5GSW3o8Rc,てすと　たろう,てすと　まもる,C1,格物致知,千差万別,いいえ,,,
2025/03/16 18:25:28,https://drive.google.com/open?id=1dtLk6l5ZsQPhRyZl211vVeb_ELxINj7e,てすと　はなこ,てすと　まもる,C1,温故知新,鯨飲馬食,はい,はい,,非効率的、反革命的
2025/03/16 18:26:02,https://drive.google.com/open?id=1Bi5yG1bWdx14BvKUeoChUjN5GSW3o8Rc,てすと　たろう,てすと　まもる,C1,格物致知,千差万別,いいえ,,,
2025/03/16 18:26:28,https://drive.google.com/open?id=1dtLk6l5ZsQPhRyZl211vVeb_ELxINj7e,てすと　はこ,てすと　まもる,C1,温故知新,鯨飲馬食,はい,はい,,非効率的、反革命的
2025/03/16 18:27:02,https://drive.google.com/open?id=1Bi5yG1bWdx14BvKUeoChUjN5GSW3o8Rc,てすと　たう,てすと　まもる,C1,格物致知,千差万別,いいえ,,,
2025/03/16 18:27:28,https://drive.google.com/open?id=1dtLk6l5ZsQPhRyZl211vVeb_ELxINj7e,てすと　なこ,てすと　もる,C1,温故知新,鯨飲馬食,はい,はい,,非効率的、反革命的
2025/03/16 18:28:02,https://drive.google.com/open?id=1Bi5yG1bWdx14BvKUeoChUjN5GSW3o8Rc,てすと　ろう,てすと　まる,C1,格物致知,千差万別,いいえ,,,
2025/03/16 18:28:28,https://drive.google.com/open?id=1dtLk6l5ZsQPhRyZl211vVeb_ELxINj7e,てと　はこ,てと　まもる,C1,温故知新,鯨飲馬食,はい,はい,,非効率的、反革命的
2025/03/16 18:29:02,https://drive.google.com/open?id=1Bi5yG1bWdx14BvKUeoChUjN5GSW3o8Rc,てと　たう,てと　まもる,C1,格物致知,千差万別,いいえ,,,
2025/03/16 18:29:28,https://drive.google.com/open?id=1dtLk6l5ZsQPhRyZl211vVeb_ELxINj7e,てす　はなこ,てす　まもる,C1,温故知新,鯨飲馬食,はい,はい,,非効率的、反革命的
2025/03/16 18:21:02,https://drive.google.com/open?id=1Bi5yG1bWdx14BvKUeoChUjN5GSW3o8Rc,てす　たろう,てす　まもる,C1,格物致知,千差万別,いいえ,,,
2025/03/16 18:21:28,https://drive.google.com/open?id=1dtLk6l5ZsQPhRyZl211vVeb_ELxINj7e,すと　はなこ,すと　まもる,C3,温故知新,鯨飲馬食,はい,はい,,非効率的、反革命的
2025/03/16 18:22:02,https://drive.google.com/open?id=1Bi5yG1bWdx14BvKUeoChUjN5GSW3o8Rc,すと　たろう,すと　まもる,C3,格物致知,千差万別,いいえ,,,
2025/03/16 18:22:28,https://drive.google.com/open?id=1dtLk6l5ZsQPhRyZl211vVeb_ELxINj7e,と　はなこ,と　まもる,C2,温故知新,鯨飲馬食,はい,はい,,非効率的、反革命的
2025/03/16 18:23:02,https://drive.google.com/open?id=1Bi5yG1bWdx14BvKUeoChUjN5GSW3o8Rc,と　たろう,と　まもる,C2,格物致知,千差万別,いいえ,,,
2025/03/16 18:23:28,https://drive.google.com/open?id=1dtLk6l5ZsQPhRyZl211vVeb_ELxINj7e,と　はなこ,と　まもる,C2,温故知新,鯨飲馬食,はい,はい,,非効率的、反革命的
